Dal_01	54.8.sorted.bam	Illumina	1	123	HJ5WKCCXY		1	GACTTCT
Dal_02	54.5.sorted.bam	Illumina	1	123	HJ5WKCCXY		1	ATGGAGA
Got_01	41.6.sorted.bam	Illumina	1	123	HJ5WKCCXY		1	CGACCTG
Sto_01	Pn18.sorted.bam	Illumina	1	123	AHWL3JCCXY	2	CCTTAAT
Sto_02	Pn83.sorted.bam	Illumina	1	123	AHWL3JCCXY	2	TTCCGAG
Sto_03	Pn22.sorted.bam	Illumina	1	123	AHWL3JCCXY	2	TGCGTCC
Ska_01	Pn89.sorted.bam	Illumina	1	123	BHWLW3CCXY	4	CGACCTG
Ska_02	Pn85.sorted.bam	Illumina	1	123	AHWL3JCCXY	2	AAGGTCT
Ska_03	Pn06.sorted.bam	Illumina	1	123	AHWL3JCCXY	2	GGCATAG
Ska_04	41.3.sorted.bam	Illumina	1	123	HJ5WKCCXY		1	GAATCTC
Den_01	Pn09.sorted.bam	Illumina	1	123	AHWL3JCCXY	2	CTCCAGT
Abo_01	Pn1900.sorted.bam	Illumina	1	123	AHWL3JCCXY	2	AGAGCGC
Abo_02	47.6.sorted.bam	Illumina	1	123	HJ5WKCCXY		1	TCGCAGG
